English,Croatian
the,u
be,biti
and,i
of,od
a,a
in,u
to,do
have,imati
to,do
it,to
I,ja
that,da
for,za
you,vas
he,on
with,s
on,na
do,čini
s,s
say,reći
they,oni
this,ovaj
but,ali
at,na
we,mi
his,njegov
from,iz
that,da
not,ne
n't,ne
by,po
or,ili
she,ona
as,kao
what,što
go,ići
their,njihov
will,htjeti
who,tko
can,može
get,dobiti
if,ako
all,svi
would,bi
her,nju
make,napraviti
about,oko
my,moj
know,znati
as,kao
there,tamo
one,jedan
up,gore
time,vrijeme
year,godina
so,tako
think,razmišljati
see,vidjeti
which,koji
when,kada
some,neki
them,ih
people,narod
take,uzeti
me,mi
out,van
into,u
just,samo
him,mu
come,doći
your,vaš
now,sada
could,mogao
than,od
like,Kao
other,drugi
then,zatim
how,kako
its,njegov
two,dva
our,naše
more,više
these,oni
want,želja
way,put
no,Ne
look,izgled
first,prvi
also,također
new,novi
because,jer
day,dan
more,više
use,koristiti
man,čovjek
here,ovdje
find,pronaći
give,dati
thing,stvar
well,dobro
many,puno
only,samo
those,oni
tell,reći
very,vrlo
one,jedan
even,čak
her,nju
back,leđa
any,bilo koji
good,dobro
us,nas
through,kroz
woman,žena
life,život
child,dijete
there,tamo
down,spušteno
work,raditi
after,nakon
call,poziv
may,svibanj
world,svijet
over,nad
should,trebao bi
still,još
try,probati
in,u
school,škola
as,kao
last,posljednji
ask,pitati
too,isto
need,potreba
three,tri
feel,osjetiti
when,kada
become,postati
state,država
never,nikada
between,između
high,visok
something,nešto
really,stvarno
most,najviše
another,još
much,mnogo
own,vlastiti
family,obitelj
out,van
house,kuća
leave,napustiti
put,staviti
old,star
on,na
while,dok
mean,zao
let,pustiti
why,zašto
president,predsjednik
keep,zadržati
same,isti
great,Sjajno
begin,početi
big,velik
seem,činiti se
group,skupina
country,zemlja
talk,razgovor
problem,problem
where,gdje
turn,skretanje
student,student
every,svaki
hand,ruka
help,Pomozite
against,protiv
start,početak
American,američki
part,dio
show,pokazati
about,oko
over,nad
might,moć
such,takav
place,mjesto
again,opet
city,Grad
case,slučaj
most,najviše
few,nekoliko
system,sustav
week,tjedan
where,gdje
company,društvo
each,svaki
percent,postotak
hear,čuti
so,tako
during,za vrijeme
question,pitanje
right,pravo
program,program
work,raditi
run,trčanje
number,broj
small,mali
government,vlada
play,igra
off,izvan
move,potez
like,Kao
always,stalno
night,noć
believe,vjerovati
today,danas
hold,zadržati
point,točka
live,uživo
happen,dogoditi se
bring,donijeti
next,Sljedeći
without,bez
before,prije
large,velik
must,mora
all,svi
war,rat
home,Dom
under,"pod, ispod"
room,soba
fact,činjenica
area,područje
national,državni
write,pisati
money,novac
right,pravo
story,priča
water,voda
mother,majka
different,drugačiji
young,mlad
month,mjesec
lot,mnogo
book,knjiga
eye,oko
study,studija
job,posao
kind,ljubazan
word,riječ
issue,problem
side,strana
four,četvero
business,poslovanje
though,iako
head,glava
far,daleko
long,dugačak
black,crno
million,milijun
both,oba
little,malo
yes,Da
after,nakon
since,od
around,oko
long,dugačak
provide,pružiti
service,servis
important,važno
sit,sjediti
away,daleko
friend,prijatelj
however,međutim
power,vlast
no,Ne
yet,još
father,otac
hour,sat
often,često
until,do
political,politički
line,crta
end,kraj
stand,stajati
among,među
game,igra
ever,ikad
lose,izgubiti
bad,loše
member,član
meet,susresti
pay,platiti
law,zakon
almost,skoro
car,automobil
later,kasnije
much,mnogo
name,Ime
include,uključivati
five,pet
center,centar
once,jednom
university,sveučilište
continue,nastaviti
least,najmanji
real,stvaran
white,bijela
change,promijeniti
set,set
several,nekoliko
ago,prije
information,informacija
nothing,ništa
community,zajednica
best,najbolje
right,pravo
idea,ideja
lead,voditi
body,tijelo
learn,naučiti
kid,dijete
minute,minuta
table,stol
whether,da li
understand,razumjeti
team,tim
back,leđa
watch,Gledati
together,zajedno
follow,slijediti
around,oko
only,samo
stop,Stop
face,lice
anything,bilo što
public,javnost
social,društveni
already,već
parent,roditelj
speak,govoriti
create,stvoriti
office,ured
allow,dopustiti
level,nivo
read,čitati
spend,potrošiti
person,osoba
door,vrata
sure,Naravno
add,dodati
street,ulica
such,takav
history,povijest
party,Zabava
grow,rasti
reason,razlog
morning,jutro
open,otvorena
within,unutar
change,promijeniti
although,iako
walk,hodati
news,vijesti
health,zdravlje
court,sud
force,sila
early,rano
himself,sam
air,zrak
low,nizak
before,prije
art,umjetnost
result,proizlaziti
moment,trenutak
offer,ponuda
both,oba
remember,zapamtiti
research,istraživanje
enough,dovoljno
girl,djevojka
boy,dječak
win,pobijediti
food,hrana
across,preko
guy,momak
second,drugi
able,sposoban
toward,prema
maybe,može biti
process,postupak
off,izvan
everything,sve
appear,pojaviti se
age,dob
policy,politika
consider,smatrati
including,uključujući
probably,vjerojatno
education,obrazovanje
love,ljubav
actually,zapravo
buy,kupiti
wait,čekati
die,umrijeti
human,ljudski
send,poslati
fee,pristojba
expect,očekivati
serve,poslužiti
sense,osjećaj
teacher,"učitelj, nastavnik, profesor"
home,Dom
market,tržište
stay,boravak
build,izgraditi
nation,narod
fall,pad
oh,Oh
death,smrt
plan,plan
interest,interes
someone,netko
experience,iskustvo
cut,izrezati
kill,ubiti
behind,iza
reach,dohvatiti
six,šest
local,lokalni
remain,ostati
effect,posljedica
suggest,predložiti
use,koristiti
control,kontrolirati
perhaps,možda
raise,podići
class,klasa
late,kasno
little,malo
major,major
yeah,Da
else,drugo
pass,proći
photo,fotografija
sell,prodavati
themselves,se
field,polje
college,koledž
sometimes,ponekad
former,prijašnji
development,razvoj
require,zahtijevati
along,uz
decide,odlučiti
security,sigurnost
up,gore
possible,moguć
effort,napor
role,uloga
better,bolje
rate,stopa
strong,jak
music,"glazba, muzika"
report,izvješće
leader,vođa
light,svjetlo
whole,cjelovit
voice,glas
color,boja
heart,srce
care,briga
police,policija
economic,ekonomski
wife,žena
show,pokazati
mind,um
report,izvješće
finally,konačno
drug,droga
less,manje
return,povratak
according,prema
pull,Vuci
decision,odluka
explain,objasniti
carry,nositi
develop,razviti
view,pogled
free,besplatno
hope,nada
even,čak
drive,voziti
son,sin
arm,ruka
department,odjel
TRUE,PRAVI
price,cijena
military,vojni
federal,savezni
break,pauza
action,akcijski
value,vrijednost
thank,zahvaliti
relationship,odnos
town,grad
better,bolje
building,zgrada
receive,primiti
society,društvo
difference,razlika
church,crkva
full,pun
join,pridružiti
road,cesta
because,jer
international,međunarodni
model,model
position,položaj
tax,porez
director,direktor
early,rano
agree,složiti se
matter,materija
especially,posebno
form,oblik
record,snimiti
special,poseban
ground,osnovni
whose,čiji
hard,tvrdoglav
pick,odabrati
paper,papir
official,službeno
season,sezona
wear,nositi
event,događaj
support,podržati
space,prostor
player,igrač
everyone,svatko
couple,par
end,kraj
base,baza
project,projekt
produce,proizvoditi
site,mjesto
situation,situacija
hit,pogoditi
industry,industrija
half,pola
activity,aktivnost
American,američki
eat,jesti
itself,sebe
need,potreba
figure,lik
cost,koštati
easy,lako
quite,dosta
face,lice
picture,slika
clear,čisto
cover,pokriti
describe,opisati
image,slika
teach,podučavati
wall,zid
doctor,liječnik
recent,nedavni
product,proizvod
data,podaci
practice,praksa
phone,telefon
piece,komad
certain,siguran
either,ili
oil,ulje
simply,jednostavno
test,test
personal,osobni
star,zvijezda
land,zemljište
third,treći
general,Općenito
computer,Računalo
movie,film
worker,radnik
open,otvorena
catch,ulov
type,tip
support,podržati
north,sjeverno
love,ljubav
step,korak
attention,pažnja
technology,tehnologija
organization,organizacija
baby,dijete
source,izvor
draw,crtati
cause,uzrok
tree,stablo
film,film
choose,odabrati
evidence,dokaz
Republican,Republikanac
difficult,težak
century,stoljeće
nearly,gotovo
red,Crvena
look,izgled
point,točka
window,prozor
park,park
period,razdoblje
culture,Kultura
hair,dlaka
listen,slušati
chance,prilika
less,manje
available,dostupno
brother,brat
summer,ljeto
realize,shvatiti
private,privatni
no,Ne
science,znanost
letter,pismo
congress,kongres
condition,stanje
short,kratak
likely,Vjerojatno
opportunity,prilika
rule,Pravilo
choice,izbor
single,singl
place,mjesto
patient,pacijent
floor,kat
term,termin
material,materijal
mile,milja
administration,uprava
well,dobro
course,tečaj
defense,obrana
plant,biljka
energy,energija
campaign,kampanja
population,populacija
fire,vatra
close,Zatvoriti
daughter,kći
involve,uključiti
husband,suprug
wrong,pogrešan
certainly,sigurno
increase,povećati
future,budućnost
south,jug
medical,medicinski
call,poziv
board,odbor
anyone,bilo tko
deal,Dogovor
hospital,bolnica
rest,odmor
seek,tražiti
myself,sebe
county,okrug
fight,borba
subject,subjekt
risk,rizik
order,narudžba
west,Zapad
economy,Ekonomija
quickly,brzo
throw,bacanje
bed,krevet
officer,časnik
represent,predstavljati
soon,uskoro
top,vrh
fill,ispuniti
author,Autor
past,prošlost
upon,na
goal,cilj
behavior,ponašanje
drop,pad
nature,priroda
agency,agencija
plan,plan
recently,nedavno
second,drugi
store,trgovina
foreign,inozemni
current,Trenutno
performance,izvođenje
bank,banka
sound,zvuk
push,gurnuti
focus,usredotočenost
reduce,smanjiti
note,Bilješka
before,prije
fine,fino
near,blizu
than,od
movement,pokret
common,uobičajen
other,drugi
billion,billion
blood,krv
page,stranica
concern,briga
poor,siromašan
enter,Unesi
share,udio
each,svaki
series,niz
usually,obično
natural,prirodan
hot,vrući
race,trka
language,Jezik
river,Rijeka
dead,mrtav
act,činiti
significant,značajan
no,Ne
response,odgovor
rise,ustati
decade,desetljeće
article,članak
thus,Tako
seven,sedam
shoot,pucati
east,istočno
animal,životinja
away,daleko
similar,sličan
save,uštedjeti
factor,faktor
central,središnji
occur,pojaviti se
committee,odbor
serious,ozbiljan
sport,sport
lie,laž
beyond,Iznad
exactly,točno
despite,bez obzira na
happy,sretan
eight,osam
protect,zaštititi
list,popis
size,veličina
quality,kvaliteta
pressure,pritisak
accept,prihvatiti
ready,spreman
approach,pristup
sign,znak
attack,napad
individual,pojedinac
career,karijera
answer,odgovor
dog,pas
media,medija
thought,misao
whatever,što god
determine,odrediti
television,televizija
meeting,sastanak
scene,scena
success,uspjeh
prepare,pripremiti
identify,identificirati
press,preša
particularly,posebno
resource,resurs
amount,iznos
argue,raspravljati
recognize,prepoznati
treatment,liječenje
left,lijevo
degree,stupanj
stock,zaliha
indicate,označiti
growth,rast
simple,jednostavan
ability,sposobnost
dollar,dolar
union,unija
disease,bolest
everybody,svi
wonder,čudo
election,izborni
loss,gubitak
box,kutija
deal,Dogovor
herself,sama
fund,fond
miss,propustiti
pretty,prilično
region,regija
feeling,osjećaj
lay,položiti
training,trening
message,poruka
arrive,stići
standard,standard
outside,vanjski
fail,iznevjeriti
trade,trgovina
staff,osoblje
benefit,korist
character,lik
army,vojska
association,udruženje
operation,operacija
present,predstaviti
crime,zločin
name,Ime
cup,kupa
island,otok
analysis,analiza
check,ček
answer,odgovor
photograph,fotografirati
glass,staklo
forward,naprijed
authority,vlast
earth,Zemlja
stage,pozornica
one,jedan
act,činiti
sort,vrsta
station,stanica
clearly,jasno
little,malo
compare,usporediti
indeed,doista
public,javnost
knowledge,znanje
state,država
blue,plave boje
example,primjer
strategy,strategija
mountain,planina
guess,nagađati
sister,sestra
force,sila
gun,pištolj
various,razni
laugh,smijeh
environment,okoliš
design,oblikovati
sun,Sunce
lawyer,odvjetnik
sex,seks
rather,radije
artist,umjetnik
club,klub
prove,dokazati
section,odjeljak
skill,vještina
truth,istina
set,set
ok,u redu
manager,menadžer
executive,izvršni
district,okrug
claim,zahtjev
forget,zaboraviti
hang,objesiti
entire,cijeli
leg,noga
enough,dovoljno
design,oblikovati
close,Zatvoriti
study,studija
since,od
environmental,ekološki
establish,uspostaviti
democratic,demokratski
remove,ukloniti
main,glavni
professor,profesor
financial,financijski
enjoy,uživati
network,mreža
sound,zvuk
discuss,raspravljati
form,oblik
final,konačan
trial,suđenje
legal,pravni
help,Pomozite
cold,hladnoća
above,iznad
rock,stijena
that,da
seat,sjedalo
weapon,oružje
song,pjesma
expert,stručnjak
radio,radio
nice,Lijepo
avoid,Izbjegavajte
memory,memorija
management,upravljanje
charge,naplatiti
spring,Proljeće
card,kartica
maintain,održavati
theory,teorija
care,briga
visit,posjetiti
imagine,zamisliti
finish,Završi
statement,izjava
firm,firma
huge,ogroman
respond,odgovoriti
popular,popularan
hard,tvrdoglav
physical,fizički
talk,razgovor
traditional,tradicionalan
contain,obuzdati
peace,mir
green,zelena boja
thanks,Hvala
control,kontrolirati
Democrat,Demokrati
base,baza
impact,udarac
structure,struktura
tonight,večeras
note,Bilješka
direction,smjer
fly,letjeti
onto,na
king,kralj
reveal,otkriti
cell,ćelija
religious,vjerski
ball,lopta
particular,određeni
employee,zaposlenik
head,glava
suddenly,iznenada
apply,prijaviti
shake,tresti
cultural,kulturni
chair,stolica
PM,Pom
justice,pravda
discover,otkriti
measure,mjera
politics,politika
manage,upravljati
treat,liječiti
yourself,sami
pain,bol
evening,večer
rather,radije
unit,jedinica
affect,utjecati
play,igra
production,proizvodnja
bit,zalogaj
inside,unutra
far,daleko
range,raspon
top,vrh
worry,briga
perform,izvoditi
necessary,potreban
conference,konferencija
individual,pojedinac
candidate,kandidat
museum,muzej
specific,specifično
best,najbolje
throughout,širom
hall,dvorana
past,prošlost
fish,riba
trip,putovanje
mention,spomenuti
edge,rub
trouble,smetnja
interview,intervju
style,stil
middle,srednji
cause,uzrok
ten,deset
weight,težina
adult,odrasla osoba
dream,san
fear,strah
dark,tamna
sign,znak
method,metoda
somebody,netko
magazine,časopis
reflect,razmišljati
heavy,težak
soldier,vojnik
property,imovina
beautiful,lijep
writer,pisac
stuff,stvari
camera,fotoaparat
improve,poboljšati
shoulder,rame
bar,bar
hotel,hotel
instead,umjesto toga
hill,brdo
exist,postojati
sea,more
institution,institucija
purpose,Svrha
pattern,uzorak
detail,detalj
machine,mašina
challenge,izazov
owner,vlasnik
agent,agent
tough,tvrd
ahead,ispred
generation,generacija
commercial,komercijalni
whom,kome
fall,pad
down,spušteno
surface,površinski
budget,proračun
senator,senator
bag,torba
reality,stvarnost
editor,urednik
tend,skloniti
address,adresa
civil,civilni
step,korak
discussion,rasprava
test,test
mom,mama
violence,nasilje
total,ukupno
skin,koža
heat,toplina
council,vijeće
notice,obavijest
beat,pobijediti
nor,ni
modern,moderan
vote,glasanje
sing,pjevati
cancer,Rak
finger,prst
lake,jezero
wish,želja
marriage,brak
victim,žrtva
task,zadatak
yard,dvorište
kitchen,kuhinja
item,artikal
responsibility,odgovornost
mouth,usta
agreement,sporazum
attorney,odvjetnik
capital,kapital
threat,prijetnja
smile,osmijeh
gas,plin
instead,umjesto toga
positive,pozitivan
track,staza
investment,ulaganje
account,račun
break,pauza
rich,bogat
citizen,građanin
audience,publika
lady,dama
dinner,večera
western,zapadni
debate,rasprava
consumer,potrošač
majority,većina
interesting,zanimljiv
prevent,spriječiti
travel,putovati
born,rođen
relate,povezati
assume,pretpostaviti
none,nijedan
admit,priznati
front,ispred
figure,lik
coach,trener
partner,partner
shot,pucanj
scientist,znanstvenik
senior,stariji
suffer,patiti
alone,sama
collection,kolekcija
successful,uspješan
speech,govor
eventually,eventualno
key,ključ
mission,misija
score,postići
newspaper,novine
wind,vjetar
reform,reforma
concerned,zabrinut
professional,profesionalni
relation,odnos
troops,trupe
garden,vrt
access,pristup
publish,objaviti
recall,podsjetiti
Soviet,sovjetski
cost,koštati
southern,južni
senate,senat
opinion,mišljenje
option,opcija
judge,suditi
original,izvornik
customer,kupac
critical,kritično
corner,kutak
basic,"Osnovni, temeljni"
income,prihod
directly,direktno
own,vlastiti
release,puštanje
restaurant,restoran
neighborhood,susjedstvo
effective,učinkovit
labor,rad
nobody,nitko
stare,buljiti
immediately,odmah
achieve,postići
forest,šuma
dad,tata
hurt,povrijediti
video,video
strike,štrajk
safety,sigurnost
absolutely,apsolutno
therefore,stoga
freedom,sloboda
version,verzija
like,Kao
plane,avion
attitude,stav
sexual,seksualni
refer,uputiti
fresh,svježe
involved,uključen
powerful,snažan
bird,ptica
touch,dodir
variety,raznolikost
deep,duboko
text,tekst
wide,širok
credit,Kreditna
nine,devet
sleep,spavati
investigation,istraga
hope,nada
announce,najaviti
by,po
completely,potpuno
vote,glasanje
conduct,ponašanje
conflict,sukob
replace,zamijeniti
attend,pohađati
participant,sudionik
argument,argument
object,objekt
please,Molim
nuclear,nuklearni
sky,nebo
along,uz
afternoon,poslijepodne
hundred,stotina
encourage,ohrabriti
perfect,savršen
possibility,mogućnost
turn,skretanje
British,britanski
once,jednom
examine,"ispitati, pregledati"
conversation,razgovor
generally,općenito
beginning,početak
secretary,tajnica
experience,iskustvo
beach,plaža
safe,sef
spirit,duh
weekend,vikend
date,datum
define,definirati
feature,značajka
global,globalno
very,vrlo
element,element
attempt,pokušaj
slowly,polako
governor,guverner
through,kroz
concept,koncept
sorry,Oprosti
easily,lako
battle,bitka
league,liga
camp,kamp
introduce,predstaviti
status,status
insurance,osiguranje
complete,cjelovit
stick,zalijepiti
solution,riješenje
web,mreža
vision,vizija
stone,kamen
lack,nedostatak
driver,vozač
normal,normalan
truck,kamion
minister,ministar
handle,rukovati
hole,rupa
front,ispred
fan,ventilator
spot,mjesto
crisis,kriza
supposed,trebala
refuse,odbiti
drink,piće
researcher,istraživač
tradition,tradicija
communication,komunikacija
distance,udaljenost
ship,brod
gain,dobiti
express,izraziti
independent,neovisan
ice,led
scale,skala
brain,mozak
winter,zima
commission,komisija
wood,drvo
increase,povećati
return,povratak
division,podjela
species,vrsta
AM,Am
roll,svitak
hide,sakriti
middle,srednji
client,klijent
resident,Rezidencija
contract,ugovor
gold,zlato
future,budućnost
potential,potencijal
presence,prisutnost
institute,institut
screen,zaslon
run,trčanje
Chinese,kineski
horse,konj
European,Europski
target,cilj
willing,voljan
survey,pregled
interested,zainteresiran
chief,glavni
crowd,gužva
prison,zatvor
terms,Pojmovi
obviously,očito
basis,osnova
apartment,apartman
farm,farma
flight,let
shape,oblik
demand,zahtijevajte
strength,jačina
village,selo
operate,raditi
reporter,reporter
share,udio
guard,straža
observe,promatrati
deliver,dostaviti
count,računati
inside,unutra
advantage,prednost
wild,divlji
previous,prethodni
average,prosječan
emerge,pojaviti se
contribute,doprinijeti
leadership,rukovodstvo
boat,čamac
facility,ustanova
present,predstaviti
earn,zaraditi
highly,visoko
vehicle,vozilo
pound,funta
tiny,sićušan
understanding,razumijevanje
settle,naseliti
unless,osim ako
tomorrow,sutra
foundation,temelj
quick,brz
block,blok
light,svjetlo
reader,čitač
collect,skupljati
guest,gost
living,život
tool,alat
protection,zaštita
fair,pravedan
additional,dodatni
promote,promovirati
equipment,oprema
mostly,uglavnom
order,narudžba
painting,slika
feed,hraniti
principle,načelo
bowl,zdjela
claim,zahtjev
technique,tehnika
limit,ograničiti
identity,identitet
title,titula
critic,kritičar
survive,preživjeti
cry,plakati
border,granica
lift,lift
path,staza
aspect,aspekt
marry,vjenčati se
shop,dućan
failure,neuspjeh
ride,vožnja
responsible,odgovoran
gather,okupljati
jump,skok
sample,uzorak
affair,afera
result,proizlaziti
worth,vrijedan
fit,prikladan
chairman,predsjednik
until,do
lesson,lekcija
Christmas,Božić
insist,inzistirati
anybody,itko
folk,narod
band,bend
ear,uho
procedure,postupak
associate,suradnik
inch,centimetar
warm,zagrijati
African,afrički
French,francuski
baseball,bejzbol
demonstrate,pokazati
foot,noga
Christian,Kršćanski
approach,pristup
competition,konkurencija
measure,mjera
afraid,uplašen
spread,širenje
ignore,zanemariti
soft,mekan
annual,godišnji
wonderful,divan
threaten,ugroziti
commit,počiniti
deny,poreći
intelligence,inteligencija
regular,redovan
influence,utjecaj
general,Općenito
past,prošlost
reaction,reakcija
cross,križ
master,ovladati; majstorski
suit,odijelo
blow,udarac
destroy,uništiti
gift,dar
coffee,kava
anyway,u svakom slučaju
belief,vjerovanje
comment,komentar
apparently,očito
twice,dvaput
background,pozadina
quarter,četvrtina
review,pregled
faith,vjera
move,potez
speed,ubrzati
engage,angažirati
broad,širok
perspective,perspektiva
slightly,malo
growing,rastući
view,pogled
function,funkcija
construction,građevinarstvo
egg,jaje
charge,naplatiti
wave,val
female,žena
murder,ubiti
tape,traka
burn,izgorjeti
means,sredstva
aware,svjestan
mistake,pogreška
quiet,miran
connection,spoj
shoe,cipela
clothes,odjeća
promise,obećanje
religion,religija
complete,cjelovit
united,ujedinjen
context,kontekst
active,aktivan
focus,usredotočenost
youth,mladost
location,mjesto
neighbor,susjed
dress,haljina
Internet,Internet
category,kategorija
dangerous,opasan
extend,proširiti se
combine,kombinirati
demand,zahtijevajte
coast,obala
relatively,relativno
smile,osmijeh
bus,autobus
hey,Hej
chief,glavni
following,slijedeći
depend,ovisiti
key,ključ
hell,pakao
visit,posjetiti
bone,kost
cook,kuhati
fire,vatra
direct,direktno
native,rodni
cool,ohladiti
cut,izrezati
remind,podsjetiti
historical,povijesni
moral,moral
voter,birač
appropriate,prikladan
famous,poznat
hire,najam
victory,pobjeda
contact,kontakt
fully,potpuno
negative,negativan
medicine,lijek
participate,sudjelovati
grade,razred
eastern,istočni
supply,Opskrba
yesterday,jučer
familiar,poznat
democracy,demokracija
pair,par
drive,voziti
healthy,zdrav
front,ispred
tie,kravata
birth,rođenje
progress,napredak
damage,šteta
exchange,razmjena
bottom,dno
daily,dnevno
next,Sljedeći
document,dokument
grand,veličanstven
journal,časopis
knee,koljeno
primary,osnovan
otherwise,inače
train,vlak
grab,zgrabiti
circle,krug
lean,nagib
wine,vino
minority,manjina
flower,cvijet
device,uređaj
Iraqi,irački
plate,tanjur
attack,napad
clean,čist
alive,živ
actor,glumac
hate,mrziti
expression,izraz
below,ispod
bright,svijetao
press,preša
tour,obilazak
finding,nalaz
exercise,vježbanje
plastic,plastika
danger,opasnost
neck,vrat
valley,dolina
academic,akademski
start,početak
application,prijava
intend,namjeravati
male,muški
tall,visok
shut,zatvoriti
lots,puno
Indian,Indijanac
respect,poštovanje
colleague,Suradnik
writing,pisanje
rain,kiša
fast,brzo
football,nogomet
welcome,Dobrodošli
domestic,domaći
pool,bazen
literature,književnost
extra,ekstra
northern,sjeverni
desire,želja
direct,direktno
fight,borba
corporate,korporativan
session,sjednica
supreme,vrhovni
studio,studio
Russian,ruski
nod,kimnuti
learning,učenje
climb,penjati se
importance,važnost
somewhere,negdje
expand,proširiti
fourth,Četvrta
dry,suho
disappear,nestati
abuse,zlostavljanje
chicken,piletina
obtain,dobiti
map,karta
carefully,pažljivo
close,Zatvoriti
increasingly,sve više
greatest,najveći
complex,kompleks
metal,metal
lead,voditi
above,iznad
jury,porota
sweet,sladak
proposal,prijedlog
impossible,nemoguće
scientific,znanstveni
ticket,ulaznica
leaf,list
classroom,učionica
surround,okružiti
lunch,ručak
alone,sama
meaning,značenje
injury,ozljeda
invite,pozvati
enemy,neprijatelj
repeat,ponoviti
bear,snositi
lip,usna
mayor,gradonačelnik
award,dodijeliti
attempt,pokušaj
commitment,predanost
consequence,posljedica
instruction,uputa
surprise,iznenađenje
poll,anketa
favorite,omiljen
explore,istražiti
predict,predvidjeti
adopt,posvojiti
sight,vid
storm,oluja
half,pola
assessment,procjena
weather,vrijeme
pocket,džep
aid,pomoć
reading,čitanje
thin,tanko
soul,duša
strange,čudan
married,oženjen
organize,organizirati
conclusion,zaključak
fuel,gorivo
urban,gradski
belong,pripadati
salt,sol
farmer,seljak
straight,ravno
advice,savjet
cover,pokriti
balance,uravnotežiti
temperature,temperatura
empty,prazan
conclude,zaključiti
somehow,nekako
presidential,predsjednički
limit,ograničiti
prime,premijer
breast,grudi
desk,stol
record,snimiti
breath,dah
theater,kazalište
under,"pod, ispod"
acknowledge,priznati
theme,tema
fat,mast
software,softver
sugar,šećer
educational,obrazovni
thousand,tisuću
code,kodirati
fear,strah
connect,Spojiti
yellow,žuta boja
instrument,instrument
Japanese,japanski
panel,ploča
library,knjižnica
expensive,skup
emotional,emotivan
engine,motor
propose,predložiti
mental,mentalni
difficulty,poteškoća
train,vlak
brown,smeđi
basically,u osnovi
last,posljednji
average,prosječan
ring,prsten
mark,ocjena
locate,pronaći
search,traži
largely,uglavnom
possibly,možda
anymore,više
generate,generirati
regional,Regionalni
obvious,očigledan
angry,ljut
analyst,analitičar
accident,nesreća
trend,trend
like,Kao
appearance,izgled
currently,trenutno
shadow,sjena
being,biće
moon,mjesec
bridge,most
but,ali
recommend,Preporuči
hearing,saslušanje
fruit,voće
dance,ples
shift,smjena
comfortable,udobno
struggle,borba
revenue,prihod
notion,pojam
okay,u redu
package,paket
ought,trebalo bi
traffic,promet
internal,unutarnji
prefer,preferirati
crew,posada
search,traži
profit,dobit
regulation,propis
link,veza
thinking,razmišljanje
hardly,jedva
airport,zračna luka
human,ljudski
extremely,krajnje
sick,bolestan
capture,uhvatiti
unique,jedinstven
actual,stvarni
chest,prsnog koša
meal,obrok
beauty,ljepota
extent,opseg
defend,braniti
visitor,posjetitelj
outside,vanjski
judge,suditi
dozen,desetak
declare,proglasiti
emergency,hitan slučaj
ad,oglas
truly,uistinu
planet,planeta
select,Odaberi
ethnic,etnički
nose,nos
loan,zajam
cash,unovčiti
contribution,doprinos
slow,usporiti
contrast,kontrast
bottle,boca
launch,pokrenuti
novel,roman
feature,značajka
duty,dužnost
root,korijen
content,sadržaj
component,komponenta
appreciate,cijeniti
circumstance,okolnost
teaching,nastava
paint,boja
matter,materija
thick,debeo
cat,mačka
neither,ni
standard,standard
ourselves,sebe
correct,ispravan
warn,upozoriti
capacity,kapacitet
challenge,izazov
convention,konvencija
politician,političar
pursue,progoniti
setting,postavljanje
zone,zona
dress,haljina
pilot,pilot
ensure,osigurati
ultimately,konačno
male,muški
wake,probuditi
shirt,košulja
influence,utjecaj
guide,vodič
AIDS,Pomagalo
mix,miješati
slip,skliznuti
steal,ukrasti
late,kasno
frequently,često
blame,kriviti
sheet,list
estimate,procjena
relief,olakšanje
combination,kombinacija
investor,investitor
due,dužan
silence,tišina
manner,način
muscle,mišić
branch,podružnica
chain,lanac
long,dugačak
telephone,telefon
investigate,istraga
German,njemački
percentage,postotak
outcome,ishod
estate,imanje
forth,dalje
stress,stres
equal,jednak
English,Engleski
welfare,dobrobit
typical,tipičan
crazy,lud
except,osim
funny,smiješan
meat,meso
appeal,apel
long-term,dugoročno
official,službeno
eliminate,eliminirati
used,upotrijebljen
motion,pokret
complain,žaliti se
row,red
Jewish,Židovski
kick,udar
snow,snijeg
producer,proizvođač
solve,riješiti
just,samo
issue,problem
opposition,protivljenje
basketball,košarka
rely,osloniti
conservative,konzervativan
trust,povjerenje
back,leđa
address,adresa
mirror,ogledalo
tank,tenk
range,raspon
significantly,značajno
somewhat,nešto
attract,privući
anywhere,bilo gdje
regime,režim
fix,popraviti
entirely,potpuno
afford,priuštiti
length,dužina
secret,tajna
pleasure,zadovoljstvo
file,datoteka
tooth,zub
confirm,potvrditi
separate,razdvojiti
golden,zlatan
photograph,fotografirati
meanwhile,u međuvremenu
except,osim
now,sada
channel,kanal
bedroom,spavaća soba
requirement,zahtjev
ancient,antički
coverage,pokrivenost
trail,trag
bear,snositi
host,domaćin
his,njegov
check,ček
stand,stajati
surgery,kirurgija
perception,percepcija
rare,rijedak
struggle,borba
era,doba
grant,odobriti
file,datoteka
ocean,ocean
seriously,ozbiljno
clear,čisto
confidence,samouvjerenost
aside,na stranu
tear,suza
judgment,osuda
industrial,industrijski
expectation,očekivanje
resolution,razlučivost
copy,kopirati
wing,krilo
doubt,sumnjati
fun,zabava
totally,potpuno
pour,sipati
gender,spol
surprised,iznenađen
beer,pivo
clean,čist
score,postići
bond,veza
plus,plus
debt,dug
smart,pametan
English,Engleski
terrible,strašan
witness,svjedok
reference,referenca
account,račun
separate,razdvojiti
mean,zao
vice,potpredsjednik
black,crno
rest,odmor
hero,junak
bomb,bomba
below,ispod
rating,ocjena
busy,zaposlen
cite,citirati
corporation,korporacija
representative,predstavnik
everywhere,"svugdje, posvuda"
soil,tlo
highway,autocesta
frame,okvir
stretch,rastegnuti
oppose,protiviti se
Catholic,Katolik
cloud,oblak
initial,početni
variable,promjenljiv
essential,bitan
travel,putovati
improvement,poboljšanje
opening,otvor
necessarily,nužno
nurse,medicinska sestra
incident,incident
abortion,abortus
divide,podijeliti
aim,cilj
tired,umoran
careful,pažljiv
question,pitanje
cheap,jeftin
beside,pokraj
apart,odvojeno
criminal,kriminalac
employ,zaposliti
rush,žuriti
user,korisnik
upper,Gornji
winner,pobjednik
fashion,moda
tip,Savjet
apple,jabuka
rise,ustati
vast,ogroman
specifically,posebno
limited,ograničen
enormous,ogroman
holiday,odmor
e-mail,e-mail
emphasize,naglasiti
merely,samo
dance,ples
core,srž
match,podudarati
landscape,krajolik
overall,opći
golf,golf
lack,nedostatak
virtually,praktično
route,ruta
flow,teći
fewer,manje
cable,kabel
gate,kapija
tie,kravata
proud,ponos
promise,obećanje
dish,jelo
beneath,ispod
increased,povećan
succeed,uspjeti
barely,jedva
narrow,suziti
solid,čvrst
contemporary,suvremeni
accuse,optužiti
unfortunately,nažalost
useful,koristan
noise,buka
expose,izložiti
mass,masa
multiple,višestruko
vegetable,povrće
seed,sjeme
reject,odbiti
decline,odbiti
experiment,eksperiment
legislation,zakonodavstvo
hat,šešir
either,ili
secret,tajna
massive,masivan
grass,trava
definitely,definitivno
closer,bliži
liberal,liberalan
stir,promiješati
captain,kapetan
revolution,revolucija
typically,tipično
sector,sektor
hand,ruka
approve,odobriti
uncle,ujak
volume,volumen
explanation,obrazloženje
sentence,rečenica
escape,pobjeći
unusual,neobičan
distribution,distribucija
rural,ruralna
cast,bacanje
drink,piće
sleep,spavati
household,kućanstvo
celebrate,slaviti
taste,ukus
characteristic,karakterističan
outside,vanjski
addition,dodatak
acquire,steći
closely,blisko
proper,ispravan
tone,ton
topic,tema
towards,prema
waste,gubljenje
wheel,kotač
athlete,sportaš
convince,uvjeriti
alternative,alternativa
pepper,papar
cream,krema
land,zemljište
technical,tehnički
square,kvadrat
plenty,puno
behind,iza
invest,ulagati
mind,um
potential,potencijal
regard,obzir
intervention,intervencija
illegal,nezakonit
lower,niži
compete,natjecati se
talent,talenat
guilty,kriv
living,život
milk,mlijeko
height,visina
list,popis
live,uživo
assistance,pomoć
personality,ličnost
Israeli,Izraelski
gay,gay
forever,zauvijek
assess,procijeniti
weak,slab
female,žena
cigarette,cigareta
permit,dozvola
passenger,putnik
criticism,kritika
twenty,dvadeset
honor,čast
creative,kreativan
offer,ponuda
knock,kucanje
display,prikaz
campus,kampus
definition,definicija
gray,siva
signal,signal
warning,upozorenje
physician,liječnik
column,stupac
interaction,interakcija
dramatic,dramatičan
review,pregled
republic,republika
primarily,prvenstveno
priority,prioritet
achievement,dostignuće
fun,zabava
request,zahtjev
wrap,zamotati
engineer,inženjer
rice,riža
scholar,učenjak
airline,aviokompanija
expense,trošak
observation,promatranje
gap,jaz
agenda,dnevni red
creation,stvaranje
drag,opterećenje
suspect,sumnjičav
fishing,ribarstvo
bread,kruh
hi,bok
unable,nesposoban
scream,vrisak
journalist,novinar
constitution,ustav
lucky,sretan
excellent,izvrstan
mass,masa
payment,plaćanje
deep,duboko
selection,izbor
lab,laboratorija
arrest,uhićenje
deeply,duboko
sad,tužan
childhood,djetinjstvo
suppose,pretpostaviti
fairly,pošteno
prosecutor,tužitelj
violent,nasilan
recover,oporavak
roof,krov
amendment,amandman
emotion,emocija
existing,postojanje
far,daleko
graduate,diplomirati
factory,tvornica
schedule,raspored
avenue,avenija
spiritual,duhovni
ride,vožnja
wash,pranje
planning,planiranje
self,samo
later,kasnije
shout,vikati
silent,šutjeti
brief,kratak
error,pogreška
widely,široko
description,opis
dark,tamna
immediate,neposredan
purchase,kupiti
leading,vodeći
funding,financiranje
settlement,naselje
prayer,molitva
initiative,inicijativa
coalition,koalicija
comparison,usporedba
portion,dio
opponent,protivnik
tension,napetost
chapter,poglavlje
bother,gnjaviti
curriculum,kurikulum
consist,sastojati se
immigrant,doseljenik
enable,omogućiti
faculty,fakultet
steel,željezo
desert,pustinja
asset,imovina
slow,usporiti
housing,kućište
transform,transformirati
regarding,u vezi
perceive,opažati
depression,depresija
inform,obavijestiti
formal,formalan
abandon,napustiti
release,puštanje
chip,čip
double,dvostruko
remaining,preostali
existence,postojanje
cheese,sir
link,veza
joint,zglob
savings,štednja
rule,Pravilo
preserve,sačuvati
diet,dijeta
territory,teritorija
tea,čaj
bend,saviti
gain,dobiti
arrange,dogovoriti
resolve,odlučnost
walk,hodati
passage,prolaz
lock,zaključati
tear,suza
resistance,otpornost
present,predstaviti
stream,strujati
slide,skliznuti
green,zelena boja
sharp,oštar
display,prikaz
cycle,ciklus
pose,poza
phase,faza
transition,tranzicija
reduction,smanjenje
negotiation,Pregovaranje
manufacturer,proizvođač
interview,intervju
quote,citat
deserve,zaslužiti
trust,povjerenje
sale,prodaja
layer,sloj
wedding,vjenčanje
discovery,otkriće
mine,rudnik
academy,akademija
sand,pijesak
hit,pogoditi
missile,raketa
elect,izabrati
climate,klima
participation,sudjelovanje
knife,nož
benefit,korist
atmosphere,atmosfera
joke,vic
urge,poticaj
ordinary,običan
visual,vizualan
numerous,brojni
occasion,prigoda
philosophy,filozofija
suicide,samoubojstvo
shall,htjeti
glad,radostan
goods,roba
moreover,štoviše
coat,kaput
consistent,dosljedan
alcohol,alkohol
opposite,suprotan
cop,policajac
universe,svemir
breathe,disati
practical,praktičan
therapy,terapija
shift,smjena
racial,rasni
elsewhere,drugdje
rarely,rijetko
essentially,u suštini
discipline,disciplina
reply,odgovor
Mexican,meksički
passion,strast
tale,priča
dust,prah
kiss,poljubac
iron,željezo
independence,neovisnost
contact,kontakt
Spanish,Španjolski
advance,napredovati
pot,lonac
potato,krumpir
motor,motor
pack,paket
dominate,dominirati
marketing,Marketing
disaster,katastrofa
exposure,izlaganje
complaint,žalba
cap,kapica
congressional,kongresni
jacket,jakna
intense,intenzivan
touch,dodir
for,za
impose,nameće
electric,električan
implement,implementirati
enforcement,provođenje
analyze,analizirati
sure,Naravno
retire,penzionirati se
deficit,deficit
emphasis,naglasak
concentrate,koncentrat
accomplish,postići
previously,prethodno
symbol,simbol
bureau,zavod
laboratory,laboratorija
attach,pričvrstiti
fundamental,temeljni
whenever,zauvijek
arrangement,uređenje
investigator,istraživač
mark,ocjena
another,još
shock,šok
adjust,prilagoditi
employer,poslodavac
visible,vidljiv
pass,proći
priest,svećenik
volunteer,volonter
interpretation,tumačenje
entertainment,Zabava
habit,navika
illustrate,ilustrirati
equally,jednako
prospect,perspektiva
enhance,poboljšati
severe,jak
other,drugi
monitor,monitor
amazing,nevjerojatan
poverty,siromaštvo
increasing,povećavajući
boss,šef
inspire,nadahnuti
anger,bijes
heavily,snažno
parking,parkiralište
print,ispis
maker,tvorac
involvement,umiješanost
queen,kraljica
gene,gen
vary,varirati
approximately,približno
gallery,galerija
evaluate,procijeniti
fat,mast
trade,trgovina
transfer,prijenos
exercise,vježbanje
usual,uobičajeni
mystery,misterija
entry,ulazak
ring,prsten
mood,raspoloženje
bean,grah
still,još
objective,cilj
capable,sposoban
constant,konstantno
light,svjetlo
substance,supstanca
total,ukupno
strongly,snažno
exception,iznimka
commander,zapovjednik
spending,trošenje
crucial,presudan
acre,jutar
wire,žica
command,naredba
nervous,živčani
cross,križ
so-called,takozvani
competitive,natjecateljski
Asian,azijski
tower,toranj
veteran,veteran
creature,stvorenje
smoke,dim
Arab,Arapski
prince,princ
alliance,savez
transportation,prijevoz
stop,Stop
luck,sreća
symptom,simptom
bury,sahraniti
clinic,Klinika
illness,bolest
championship,prvenstvo
prisoner,zatvorenik
reputation,ugled
edition,izdanje
juice,sok
sauce,umak
peak,vrh
confront,suočiti
breakfast,doručak
recognition,priznanje
smell,miris
ally,saveznik
pure,čist
toy,igračka
salary,plaća
electronic,elektronička
bathroom,kupaonica
surely,sigurno
psychological,psihološki
evaluation,procjena
dimension,dimenzija
block,blok
race,trka
personnel,osoblje
belt,pojas
accompany,pratiti
implication,implikacija
album,album
perfectly,savršeno
strike,štrajk
jet,mlaz
hello,zdravo
shape,oblik
relative,rođak
tourist,turist
phenomenon,fenomen
fellow,kolega
toss,bacanje
publication,objavljivanje
nearby,u blizini
consideration,obzir
rather,radije
holy,svet
enterprise,poduzeće
due,dužan
inner,unutarnji
watch,Gledati
Indian,Indijanac
pray,moliti
creek,potok
supply,Opskrba
boot,čizma
whisper,šapat
resist,odoljeti
journey,putovanje
flag,zastava
disorder,poremećaj
designer,dizajner
literally,doslovno
apparent,očigledan
permanent,stalan
angle,kut
smooth,"glatko, nesmetano"
unlike,različit
tablespoon,žlica
smoke,dim
consultant,konzultant
twin,dvostruki
favor,milost
throat,grlo
construct,konstruirati
birthday,rođendan
soon,uskoro
swing,ljuljati se
supporter,pristalica
testing,testiranje
reasonable,razuman
mail,pošta
silver,srebro
retirement,odlazak u mirovinu
sensitive,osjetljiv
gentleman,gospodin
navy,mornarica
terrorism,terorizam
occasionally,povremeno
glance,pogled
observer,posmatrač
constantly,konstantno
bind,vezati
wet,mokar
line,crta
dig,kopati
quit,prestati
digital,digitalan
straight,ravno
vs,vs
assist,pomoći
employment,zapošljavanje
suggestion,prijedlog
rapidly,brzo
estimate,procjena
embrace,zagrljaj
junior,mlađi
stomach,trbuh
extreme,ekstrem
pretty,prilično
mine,rudnik
recovery,oporavak
negotiate,pregovarati
impression,dojam
wage,plaća
fifth,peti
FALSE,Lažan
count,računati
pink,ružičasta
absence,odsutnost
aggressive,agresivan
corn,kukuruz
mixture,smjesa
substantial,"znatan, bitan, stvaran"
grandmother,baka
quietly,tiho
jail,zatvor
specialist,specijalista
dealer,trgovac
poem,pjesma
butter,maslac
conventional,konvencionalne
pace,tempo
intention,namjera
peer,perika
restore,vratiti
wooden,drveni
criticize,kritizirati
nevertheless,Štoviše
approval,odobrenje
historic,povijesni
secure,siguran
preparation,priprema
Latin,latinski
lord,gospodar
teaspoon,čajna žličica
musical,mjuzikl
weigh,odmjeriti
comment,komentar
pan,tava
assure,osigurati
viewer,gledatelj
arise,ustati
administrator,administrator
immigration,imigracija
plant,biljka
honest,"pošten, čestit"
origin,podrijetlo
giant,div
diversity,raznolikost
tomato,rajčica
advise,savjetovati
biological,biološki
shell,ljuska
essay,esej
roll,svitak
historian,povjesničar
deputy,zamjenik
date,datum
effectively,učinkovito
fast,brzo
schedule,raspored
buck,mužjak
tube,cijev
refugee,izbjeglica
depth,dubina
flat,ravan
precisely,točno
mad,lud
alternative,alternativa
disability,invalidnost
destruction,uništenje
dream,san
drop,pad
assumption,pretpostavka
normally,"normalno, redovno"
angel,anđeo
pop,pop
criteria,kriterij
minor,manji
crop,usjev
barrier,prepreka
assign,dodijeliti
elementary,osnovni
valuable,vrijedan
testimony,svjedočanstvo
stake,ulog
concert,koncert
label,označiti
routine,rutinski
wealth,bogatstvo
professional,profesionalni
gang,banda
incorporate,uključiti
brand,marka
recipe,recept
vacation,odmor
utility,korisnost
satellite,satelit
extraordinary,neobičan
wave,val
ultimate,ultimativno
chemical,kemijski
advocate,zagovornik
wonder,čudo
educator,odgajatelj
cake,torta
phrase,fraza
yell,vikati
personally,osobno
respondent,ispitanik
Palestinian,Palestinac
classic,klasičan
snap,škljocati
via,preko
lawsuit,tužba
install,instalirati
sweep,pomesti
festival,festival
draft,Nacrt
heaven,nebo
switch,sklopka
activist,aktivista
ceiling,strop
clock,sat
graduate,diplomirati
aunt,tetka
darkness,tama
daddy,tata
royal,kraljevski
advertising,oglašavanje
rough,hrapav
pregnant,trudna
penalty,kazna
distant,udaljen
developing,razvijanje
yield,prinos
wind,vjetar
armed,naoružan
mechanism,mehanizam
rank,rang
killer,ubojica
fence,ograda
ahead,ispred
universal,univerzalan
terror,teror
wolf,vuk
house,kuća
anxiety,anksioznost
chemical,kemijski
found,pronađeno
protein,protein
engineering,inženjering
clothing,odjeća
proceed,nastaviti
fiber,vlakno
react,reagirati
bottom,dno
spin,vrtjeti
roughly,grubo
drama,drama
liberty,sloboda
ingredient,sastojak
hip,bok
provision,predviđanje
burden,teret
teen,tinejdžer
survival,opstanak
unlikely,nevjerojatno
Italian,talijanski
chamber,komora
lost,izgubljen
communicate,komunicirati
stupid,glup
bet,opklada
advance,napredovati
Muslim,muslimanski
bell,zvono
onion,luk
disagree,ne slagati se
encounter,susret
constitutional,ustavni
cabinet,kabinet
remarkable,izvanredan
broken,slomljen
latter,potonji
overcome,prevladati
virus,virus
stranger,stranac
retain,zadržati
match,podudarati
prize,nagrada
string,niz
exhibition,izložba
expansion,širenje
tremendous,ogroman
bunch,mnogo
assistant,pomoćnik
initially,u početku
accurate,precizan
cheek,obraz
index,indeks
occupy,zauzeti
gear,oprema
guarantee,jamčiti
chocolate,čokolada
ceremony,ceremonija
button,dugme
shopping,kupovina
pay,platiti
dispute,spor
like,Kao
furniture,namještaj
marine,morski
statistics,statistika
Olympic,olimpijski
balance,uravnotežiti
wipe,brisanje
spokesman,glasnogovornik
super,super
Islamic,Islamski
track,staza
translate,Prevedi
interpret,tumačiti
testify,svjedočanstvo
cooperation,suradnja
friendly,prijateljski
profile,profil
pants,hlače
whereas,dok
honor,čast
elite,elita
decline,odbiti
port,luka
complicated,složen
cousin,rođak
strategic,strateški
terrorist,terorista
chart,grafikon
drawing,crtanje
though,iako
gently,nježno
pack,paket
odd,neparan
incentive,poticaj
innocent,nevin
imply,podrazumijevati
taste,ukus
stadium,stadion
scenario,scenarij
shooting,pucanje
blind,slijep
assembly,skupština
withdraw,povući
strip,traka
market,tržište
lover,ljubavnik
process,postupak
mainly,uglavnom
aircraft,zrakoplov
newly,novo
ideal,idealan
dirt,prljavština
flow,teći
boundary,granica
resort,pribjeći
genetic,genetski
stick,zalijepiti
concentration,koncentracija
naturally,prirodno
ministry,ministarstvo
surprising,iznenađujući
adviser,savjetnik
recommendation,preporuka
similarly,slično
justify,opravdati
wildlife,divljina
bench,klupa
bullet,metak
mode,način
square,kvadrat
champion,prvak
dismiss,odbaciti
deck,paluba
lifetime,doživotno
extensive,opsežan
attractive,atraktivan
politically,politički
regularly,redovito
raw,sirov
fault,greška
clinical,klinički
detect,otkriti
considerable,znatan
working,rad
partly,djelomično
platform,platforma
remote,daljinski
blue,plave boje
respect,poštovanje
top,vrh
fortune,bogatstvo
slave,rob
delivery,dostava
worth,vrijedan
reflection,odraz
relevant,relevantan
unknown,nepoznat
pause,pauza
likely,Vjerojatno
tissue,tkivo
sink,umivaonik
counter,brojač
Bible,Biblija
license,licenca
tragedy,tragedija
assistant,pomoćnik
dialogue,dijalog
mutual,međusobni
loose,labav
external,vanjski
pride,ponos
awareness,svijest
electricity,struja
diverse,raznolik
advanced,Napredna
free,besplatno
faster,brže
conservative,konzervativan
online,na liniji
assault,napad
shortly,ukratko
finance,financije
originally,izvorno
founder,osnivač
lie,laž
characterize,okarakterizirati
protest,prosvjediti
pole,pol
intellectual,intelektualac
communist,komunist
infection,infekcija
controversy,polemika
double,dvostruko
freeze,zamrznuti
portrait,portret
proof,dokaz
satisfaction,zadovoljstvo
insight,uvid
headquarters,zapovjedništvo
stair,stubište
crash,sudar
constitute,konstituirati
thirty,trideset
alter,izmijeniti
sudden,iznenadni
not,ne
potentially,potencijalno
dirty,prljav
evolve,razvijati
teenager,tinejdžer
violation,kršenje
joy,radost
smell,miris
possess,posjedovati
hurricane,uragan
offense,uvreda
relax,opustiti
appeal,apel
mount,nosač
treaty,ugovor
prior,ranije
memorial,spomen
establishment,osnivanje
hold,zadržati
tap,tapkati
swim,plivati
properly,pravilno
gulf,zaljev
tongue,jezik
salad,salata
practice,praksa
favorite,omiljen
shelter,zaklon
correspondent,dopisnik
introduction,Uvod
funeral,pogreb
literary,literarni
convert,Pretvoriti
violate,prekršiti
rub,trljati
entrance,ulaz
episode,epizoda
tournament,turnir
vital,vitalan
stable,stabilan
split,podjela
representation,prikaz
stress,stres
fiction,fikcija
lane,traka
distinction,razlika
segment,segment
transfer,prijenos
comprehensive,sveobuhvatan
confident,uvjeren
easy,lako
prominent,istaknut
presentation,prezentacija
net,neto
squeeze,iscijediti
tobacco,duhan
significance,značaj
imagination,mašta
pretend,pretvarati se
mere,puki
mix,miješati
spot,mjesto
fade,uvenuti
steady,stabilan
neither,ni
target,cilj
nowhere,nigdje
variation,varijacija
radical,radikal
adventure,avantura
profession,profesija
exciting,uzbudljiv
fate,sudbina
regardless,Bez obzira na to
load,opterećenje
singer,pjevač
distribute,raspodijeliti
ton,tona
instance,primjer
affiliation,pripadnost
hunting,lov
pale,blijedo
paint,boja
poet,pjesnik
gradually,postepeno
partnership,partnerstvo
capability,sposobnost
Canadian,kanadski
tech,tehničar
commerce,trgovina
grandfather,djed
bake,peći
shelf,polica
honey,med
round,krug
flee,pobjeći
adapt,prilagoditi
buyer,kupac
divorce,razvod
defensive,obrambeni
bombing,bombardiranje
scared,prestrašen
gesture,gesta
poetry,poezija
reserve,rezervni
satisfy,zadovoljiti
pollution,zagađenje
lawn,travnjak
depending,ovisno
wisdom,mudrost
since,od
comfort,udobnost
plot,zemljište
vulnerable,ranjiv
explosion,Eksplozija
tail,rep
differ,razlikovati se
fellow,kolega
sustain,održati
doubt,sumnjati
stability,stabilnost
fantasy,fantazija
obligation,obaveza
God,Bog
damage,šteta
bike,bicikl
dining,ručavanje
guide,vodič
custom,prilagođen
ill,bolestan
celebrity,slavna osoba
leather,koža
given,dodijeljen
framework,okvir
beat,pobijediti
owe,dugovati
slight,zatega
witness,svjedok
tendency,sklonost
load,opterećenje
crack,pukotina
briefly,kratko
derive,izvesti
speaker,zvučnik
scandal,skandal
fifteen,petnaest
scheme,shema
jazz,jazz
in,u
elderly,stariji
celebration,Proslava
can,limenka
evolution,evolucija
fighter,borac
publicly,javno
store,trgovina
trace,trag
rid,osloboditi
detective,detektiv
closer,bliži
limitation,ograničenje
besides,osim
soup,juha
oven,pećnica
rapid,brz
chase,loviti
sophisticated,sofisticiran
tribe,pleme
pipe,cijev
deer,jelen
illustration,ilustracija
ok,u redu
arrest,uhićenje
mm-hmm,mm-hmm
uniform,ujednačen
transmission,prijenos
storage,skladištenje
pile,gomila
survivor,preživio
resemble,nalikovati
incredible,nevjerojatan
impress,impresionirati
economist,ekonomista
efficient,učinkovit
fifty,pedeset
shade,hlad
opera,opera
calculate,izračunati
preference,prednost
guideline,smjernica
consume,konzumirati
maintenance,održavanje
formation,formacija
glove,rukavica
scholarship,stipendija
educate,školovati
proportion,proporcija
appointment,ugovoreni sastanak
fund,fond
conviction,uvjerenje
myth,mit
solar,solarni
vessel,Brod
wealthy,bogat
friendship,prijateljstvo
membership,članstvo
craft,zanat
qualify,kvalificirati
French,francuski
earnings,zarada
waste,gubljenje
asleep,zaspao
porch,trijem
controversial,kontroverzno
painful,bolan
congressman,kongresmen
mama,mama
monitor,monitor
surprise,iznenađenje
infant,dječji
cow,krava
proposed,zaprosio
sufficient,dovoljan
oak,hrast
terrorist,terorista
mall,trgovački centar
punishment,kazna
helpful,koristan
ongoing,neprekidan
admission,prijem
frequency,frekvencija
ratio,omjer
delay,odgoditi
privacy,privatnost
trick,trik
etc,itd
circuit,krug
musician,glazbenik
sue,tužiti
purchase,kupiti
aide,pomoćnik
modest,skroman
helicopter,helikopter
empire,carstvo
detailed,detaljan
efficiency,učinkovitost
humor,humor
sanctions,sankcije
badly,Loše
tennis,tenis
emission,emisija
desperate,očajan
garlic,češnjak
contest,Natjecanje
strengthen,ojačati
demonstration,demonstracija
restriction,ograničenje
Irish,irski
hunter,Lovac
standing,stajati
handful,pregršt
explode,eksplodirati
prompt,potaknuti
absorb,upiti
suspect,sumnjičav
eager,željan
temporary,privremeni
commissioner,povjerenik
diamond,dijamant
curious,znatiželjan
differently,različito
across,preko
reservation,rezervacija
downtown,centar grada
adjustment,podešavanje
composition,sastav
relative,rođak
tiger,tigar
fabric,tkanina
assert,tvrditi
discrimination,diskriminacija
float,plutati
request,zahtjev
math,matematika
overlook,izlaziti
corps,korpus
sequence,slijed
complex,kompleks
heel,potpetica
successfully,uspješno
examination,ispitivanje
horizon,horizont
German,njemački
absolute,apsolut
anticipate,predvidjeti
yours,tvoj
dominant,dominantan
bull,bik
prevention,prevencija
meter,metar
legitimate,legitiman
mask,maska
bite,ugristi
suit,odijelo
stroke,udar
assignment,zadatak
lion,lav
sense,osjećaj
rifle,puška
brilliant,sjajan
appoint,imenovati
boom,procvat
naked,goli
hungry,gladan
tight,tijesan
flame,plamen
Palestinian,Palestinac
economics,ekonomija
cabin,kabina
print,ispis
orange,naranča
wander,lutati
taxpayer,porezni obveznik
romantic,romantičan
devote,posvetiti
inflation,inflacija
furthermore,naduti
pine,bor
agriculture,poljoprivreda
legacy,nasljeđe
extension,produženje
barrel,barel
arrival,dolazak
register,Registar
flavor,okus
versus,protiv
risk,rizik
flesh,meso
submit,podnijeti
garage,garaža
cotton,pamuk
operator,operater
nut,orah
rate,stopa
blade,oštrica
girlfriend,djevojka
fly,letjeti
dependent,ovisan
carbon,ugljik
heritage,baština
organic,organski
ambassador,ambasador
invasion,invazija
summit,vrh
lifestyle,Životni stil
agricultural,poljoprivredni
shrug,slijeganje
counsel,savjetnik
associate,suradnik
major,major
distinguish,razlikovati
menu,izbornik
awful,grozan
wound,rana
manufacturing,proizvodnja
consumption,potrošnja
permission,dozvola
twelve,dvanaest
offensive,uvredljiv
shower,tuš
collapse,kolaps
undergo,podvrgnuti
function,funkcija
consciousness,svijest
correct,ispravan
dry,suho
frustration,frustracija
operating,operativni
ease,olakšati
carrier,prijevoznik
scope,opseg
grain,žitarica
distinct,različit
ranch,ranč
workshop,radionica
auto,auto
publisher,izdavač
narrator,pripovjedač
brush,četka
ban,zabrana
portray,prikazati
fighting,borbeni
borrow,posuditi
seize,zaplijeniti
psychology,psihologija
subsequent,naknadni
exceed,premašiti
crack,pukotina
killing,ubijanje
deadline,rok
athletic,atletski
wise,mudar
medication,lijek
repeatedly,opetovano
frequent,česti
rocket,raketa
fame,slava
lung,pluća
depict,prikazati
persuade,uvjeriti
tent,šator
ah,Ah
motivation,motivacija
odds,izgledi
worried,zabrinut
principal,glavni
firm,firma
ugly,ružan
adequate,adekvatan
nonetheless,bez obzira na to
criminal,kriminalac
widespread,raširen
transformation,transformacija
physically,tjelesno
provider,davatelj usluga
admire,diviti se
headline,naslov
miracle,čudo
institutional,institucionalni
homeless,beskućnik
impressive,impresivan
chef,kuhar
tactic,taktika
measurement,mjerenje
identification,identifikacija
province,pokrajina
moderate,umjeren
consensus,konsenzus
lovely,lijep
comedy,komedija
shore,poduprijeti
photographer,fotograf
venture,udubiti
competitor,konkurent
nomination,imenovanje
confusion,zbunjenost
attribute,atribut
horror,užas
orientation,orijentacija
weekly,tjedni
legislature,zakonodavno tijelo
basket,košara
crash,sudar
continued,nastavak
blanket,pokrivač
orange,naranča
eagle,orao
changing,mijenjanje
mouse,miš
ethics,etika
high,visok
ghost,duh
everyday,svaki dan
rope,uže
formula,formula
exhibit,izložiti
nerve,živac
cope,nositi se
running,trčanje
psychologist,psiholog
acid,kiselina
principal,glavni
pet,ljubimac
pitch,nagib
occupation,okupacija
courage,hrabrost
defeat,poraz
pregnancy,trudnoća
actress,glumica
patch,zakrpa
margin,margina
reinforce,ojačati
collective,kolektivan
brick,cigla
script,scenarij
cooking,kuhanje
tunnel,tunel
document,dokument
concrete,beton
recruit,Novak
grocery,namirnice
lemon,limun
dare,usuditi
exact,točno
battery,baterija
surprisingly,iznenađujuče
artistic,umjetnički
shit,sranje
indication,naznaka
cookie,kolačić
intensity,intenzitet
dramatically,dramatično
piano,klavir
concerning,o
lap,krug
inquiry,istraga
Catholic,Katolik
discourse,diskurs
laughter,smijeh
anniversary,godišnjica
telescope,teleskop
swear,zakleti se
park,park
charity,dobročinstvo
clue,trag
grave,grob
narrative,pripovjedački
hypothesis,hipoteza
upset,uzrujan
acceptable,prihvatljiv
favor,milost
couch,kauč
defendant,tuženi
compose,sastaviti
cool,ohladiti
ballot,glasački listić
related,srodan
cluster,Klastera
pie,pita
concern,briga
recording,snimanje
rail,šina
decrease,smanjenje
rape,silovanje
interrupt,prekinuti
architect,arhitekt
sigh,uzdah
remark,napomena
Christian,Kršćanski
invent,izumiti
prescription,recept
reward,nagrada
sacred,svet
organ,orgulje
abroad,u inozemstvu
devil,vrag
dear,dragi
rank,rang
superior,superiorni
military,vojni
greatly,jako
airplane,zrakoplov
host,domaćin
habitat,stanište
coal,ugljen
soccer,nogomet
entitle,davati pravo
delay,odgoditi
instructor,instruktor
integrity,integritet
shine,sjaj
mess,nered
norm,norma
allegation,optužba
pill,pilula
tight,tijesan
cry,plakati
okay,u redu
pleased,zadovoljan
plain,običan
inspector,inspektor
forum,forum
powder,puder
sin,grijeh
evident,vidljiv
sponsor,sponzor
acceptance,prihvaćanje
prosecution,tužilaštvo
cognitive,kognitivan
presidency,predsjedništvo
finance,financije
favor,milost
magic,magija
northwest,sjeverozapad
regulate,regulirati
exclude,isključiti
colonial,kolonijalni
rent,najam
peer,perika
civilian,civilni
harbor,luka
estimated,procijenjen
rhythm,ritam
midnight,ponoć
counselor,savjetnik
highlight,istaknuti
palace,palača
trading,trgovanje
compound,spoj
bare,ogoljen
echo,jeka
integrate,integrirati
slice,kriška
combat,borba
shop,dućan
medium,srednji
log,zapisnik
surgeon,kirurg
excuse,izgovor
ritual,ritual
resign,podnijeti ostavku
net,neto
excited,uzbuđen
lightly,lagano
evil,zlo
bitter,gorak
export,izvoz
swing,ljuljati se
clay,glina
logic,logika
virtue,vrlina
container,spremnik
quarterback,bek
beg,moliti
salmon,losos
greet,pozdraviti
curve,zavoj
mill,mlin
closet,ormar
interior,unutrašnjost
rod,štap
candy,bombon
restrict,ograničiti
initiate,pokrenuti
reverse,obrnut
ethical,etički
secondary,sekundarni
administrative,upravni
confuse,zbuniti
deadly,smrtonosan
pig,svinja
suburban,prigradski
medal,medalja
receiver,prijamnik
gaze,gledati
collapse,kolaps
snake,zmija
march,ožujak
experimental,eksperimentalni
civilization,civilizacija
classical,klasičan
fold,nakloniti
weakness,slabost
corridor,hodnik
harsh,oštar
retail,maloprodaja
mortgage,hipoteka
harder,tvrđi
developer,programer
legend,legenda
excitement,uzbuđenje
enforce,provesti
murder,ubiti
occasional,povremeni
cowboy,kauboj
minimum,minimum
flash,bljesak
reliable,pouzdan
suburb,predgrađe
melt,topiti
fit,prikladan
contend,protiviti se
plead,moliti
written,pisan
flood,poplava
unlike,različit
stem,trajati
inevitable,neizbježan
essence,suština
pitcher,bacač
tip,Savjet
subtle,suptilan
stretch,rastegnuti
slam,zalupiti
unemployment,nezaposlenost
trunk,deblo
privilege,privilegija
burst,puknuti
pitch,nagib
architecture,arhitektura
monthly,mjesečno
render,renderirati
mainstream,mainstream
frankly,iskreno
obstacle,zapreka
motivate,motivirati
trap,zamka
drinking,pijenje
elbow,lakat
rumor,glasina
swallow,gutljaj
legislative,zakonodavan
lecture,predavanje
daily,dnevno
jeans,traperice
duck,patka
slope,nagib
t-shirt,majica
inspection,inspekcija
speed,ubrzati
strict,strog
overwhelming,neodoljiv
assemble,sastaviti
missing,koji nedostaje
seemingly,naizgled
label,označiti
fraud,prevara
reach,dohvatiti
plain,običan
protest,prosvjediti
implementation,provedba
hunt,lov
boyfriend,dečko
integration,integracija
rat,štakor
wish,želja
broadcast,emitiranje
Korean,korejski
nail,čavao
pen,olovka
consult,savjetovati
companion,drug
encounter,susret
monster,čudovište
nightmare,noćna mora
beef,govedina
win,pobijediti
serving,servirati
globe,Globus
cholesterol,kolesterol
parliament,parlament
suite,apartman
continuing,nastavljajući
pop,pop
hence,stoga
lend,posuditi
project,projekt
sixth,šesti
mud,blato
pump,pumpa
flour,brašno
hostage,talac
ownership,vlasništvo
facilitate,olakšati
basement,podrum
correlation,poveznica
hurry,požuriti
insect,insekt
arena,arena
drift,odletjeti
notice,obavijest
domain,domena
cave,špilja
African-American,Afroamerikanac
consistently,dosljedno
leap,skok
final,konačan
effectiveness,učinkovitost
maximum,maksimum
array,nizova
unexpected,neočekivan
curtain,zavjesa
sandwich,sendvič
peaceful,mirno
humanity,čovječanstvo
prediction,predviđanje
Roman,rimski
ideology,ideologija
railroad,željeznica
possession,posjed
horn,rog
replacement,zamjena
announcement,Obavijest
pond,jezero
conduct,ponašanje
forgive,oprostiti
past,prošlost
Muslim,muslimanski
bishop,biskup
aim,cilj
top,vrh
uncomfortable,neudoban
subject,subjekt
laugh,smijeh
rip,Počivao u miru
random,nasumičan
herb,biljka
and/or,i/ili
dump,istovariti
online,na liniji
warm,zagrijati
guilt,krivnja
cattle,stoka
strain,naprezanje
sheriff,šerif
behave,ponašati
response,odgovor
crystal,kristal
execute,izvršiti
wrist,ručni zglob
motive,motiv
painter,slikar
convict,osuđenik
simultaneously,istovremeno
recession,recesija
await,čekati
hallway,hodnik
dose,doza
brush,četka
endure,izdržati
counseling,savjetovanje
civilian,civilni
suck,sisati
accommodate,smjestiti
traditionally,tradicionalno
spill,prosuti
fiscal,fiskalni
welcome,Dobrodošli
retired,umirovljen
closed,zatvoreno
gentle,gadan
separation,razdvajanje
guard,straža
warrior,ratnik
convinced,uvjeren
southwest,jugozapadno
drunk,pijan
outdoor,vanjski
tune,melodija
patient,pacijent
harm,naštetiti
cloth,tkanina
wherever,bilo gdje
administer,upravljati
short,kratak
supervisor,nadglednik
compromise,kompromis
grateful,zahvalan
Hispanic,Latinoamerički
Japanese,japanski
mandate,mandat
average,prosječan
alarm,alarm
cruise,krstarenje
injure,ozlijediti
sculpture,skulptura
award,dodijeliti
drain,odvod
temple,hram
dancer,plesač
towel,ručnik
Islam,islam
continuous,stalan
govern,vladati
crown,kruna
contractor,izvođač
adolescent,adolescent
skirt,suknja
abuse,zlostavljanje
bacteria,bakterije
adoption,posvajanje
intelligent,inteligentan
praise,hvaliti
outer,vanjski
nearby,u blizini
glance,pogled
grip,zahvat
profound,dubok
trigger,okidač
stuff,stvari
uncertainty,nesigurnost
driving,vožnja
enthusiasm,entuzijazam
complexity,složenost
excuse,izgovor
cafe,kafić
survey,pregled
virtual,virtualan
undermine,potkopati
unity,jedinstvo
chaos,haos
commonly,obično
endless,beskrajan
rhetoric,retorika
trait,svojstvo
pension,mirovina
genuine,pravi
sweat,znoj
European,Europski
innovation,inovacija
no,Ne
matter,materija
currency,valuta
forty,četrdeset
lobby,lobi
theoretical,teorijski
bat,šišmiš
makeup,šminka
pleasant,ugodan
rebuild,obnoviti
horrible,užasno
pad,jastučić
suspend,obustaviti
relieve,osloboditi
resume,nastaviti
respectively,odnosno
promotion,promocija
technological,tehnološki
galaxy,galaksija
altogether,sveukupno
apologize,ispričavati
research,istraživanje
infrastructure,infrastruktura
shuttle,čunak
thumb,palac
questionnaire,upitnik
sidewalk,trotoar
businessman,biznismen
weird,čudan
radiation,radijacija
format,format
scare,uplašiti
bounce,odskakivati
doll,lutka
attraction,privlačnost
needle,igla
Israeli,Izraelski
lock,zaključati
counterpart,kolega
convey,prenijeti
compensation,naknada
ship,brod
exclusive,ekskluzivan
twist,uvijati
precise,precizan
suspicion,sumnja
southeast,jugoistok
walking,hodanje
boost,pojačati
scatter,raspršiti
rebel,pobunjenik
van,kombi
identical,identičan
shame,sram
blow,udarac
delicate,delikatan
Olympics,Olimpijada
wider,širi
corruption,korupcija
hook,kuka
lieutenant,poručnik
firmly,čvrsto
structural,strukturalan
pause,pauza
invisible,nevidljiv
forehead,čelo
traveler,putnik
meaningful,značajan
provided,predviđen
colony,kolonija
signature,potpis
database,baza podataka
clerk,službenik
dedicate,posvetiti
determination,odlučnost
signal,signal
anxious,zabrinut
sum,iznos
frozen,smrznut
juror,porotnik
timing,vrijeme
punish,kazniti
crawl,puzati
conscious,svjestan
colonel,pukovnik
fitness,kondicija
landing,slijetanje
doctrine,doktrina
belly,trbuh
pope,papa
thereby,time
historically,povijesno
playoff,doigravanje
poster,poster
harder,tvrđi
acquisition,stjecanje
rescue,spasiti
departure,odlazak
summary,Sažetak
wrong,pogrešan
medium,srednji
chronic,kroničan
evil,zlo
handsome,zgodan
finish,Završi
hug,zagrliti
wow,wow
pursuit,potjera
residence,prebivalište
loud,glasno
promising,obećavajući
disk,disk
doorway,ulaz
diagnosis,dijagnoza
scout,izviđač
cancel,otkazati
desire,želja
amid,usred
envelope,omotnica
sooner,prije
beam,greda
reluctant,oklijevajući
spouse,suprug
fluid,fluidan
exit,Izlaz
mild,blag
electrical,električni
bite,ugristi
bath,kupka
decent,pristojan
ankle,gležanj
transaction,transakcija
reporting,izvještavanje
exhibit,izložiti
pit,jama
practically,praktički
oxygen,kisik
racism,rasizam
fist,šaka
garbage,smeće
ban,zabrana
guitar,gitara
expertise,stručnost
parade,parada
exploration,istraživanje
carve,rezbariti
realm,kraljevstvo
recipient,primatelj
residential,stambeni
bias,pristranost
sunlight,sunčeva svjetlost
lamp,svjetiljka
donor,donator
repair,popravak
sharply,oštro
hers,njezin
guidance,vodstvo
diplomatic,diplomatski
classic,klasičan
purple,ljubičasta boja
princess,princeza
candle,svijeća
advocate,zagovornik
generous,velikodušan
strip,traka
necessity,nužnost
tuck,ugurati
debate,rasprava
statue,kip
frame,okvir
elevator,lift
popularity,popularnost
indicator,indikator
entity,entitet
interior,unutrašnjost
limb,ud
bold,hrabar
hesitate,oklijevati
magic,magija
starting,s početkom
diminish,umanjiti
inside,unutra
readily,lako
elegant,elegantan
engagement,angažman
rage,bijes
destination,odredište
realistic,realističan
intent,namjera
metaphor,metafora
automobile,automobil
productive,produktivan
endorse,odobriti
isolate,izolirati
confess,priznati
wilderness,divljina
minimize,umanjiti
diagnose,dijagnosticirati
happiness,sreća
spectrum,spektar
hint,savjet
eating,jelo
tune,melodija
volunteer,volonter
abstract,sažetak
revolutionary,revolucionar
gym,teretana
addition,dodatak
Russian,ruski
disappointed,razočaran
particle,čestica
repair,popravak
dynamic,dinamičan
pump,pumpa
kiss,poljubac
value,vrijednost
automatically,automatski
overall,opći
dawn,zora
ruling,vladajući
mechanical,mehanički
feel,osjetiti
vitamin,vitamin
silly,budalica
handle,rukovati
artificial,Umjetna
outstanding,izvanredan
age,dob
peel,guliti
rescue,spasiti
oral,usmeni
o'clock,sati
undertake,poduzeti
lonely,usamljen
servant,sluga
indigenous,autohtoni
civic,građanski
full-time,puno vrijeme
worry,briga
cooperate,surađivati
casual,ležeran
behavioral,bihevioralan
shortage,nedostatak
reception,recepcija
offering,ponuda
huh,huh
credibility,vjerodostojnost
chin,brada
physics,fizika
vanish,nestajati
blend,mješavina
noon,podne
precious,dragocjen
command,naredba
wake,probuditi
flip,okrenuti
scary,zastrašujući
pizza,pizza
toilet,WC
representative,predstavnik
silk,svila
bid,ponuda
gathering,prikupljanje
softly,tiho
annually,godišnje
hook,kuka
suffering,pati
accuracy,točnost
marine,morski
broker,posrednik
hopefully,nadati
descend,spustiti se
tide,plima
trail,trag
stumble,posrnuti
verbal,verbalni
spring,Proljeće
collector,kolektor
judicial,sudski
burning,gorući
inventory,inventar
fool,budala
way,put
loyalty,odanost
performer,izvođač
kit,pribor
romance,romantika
quantity,količina
alleged,navodni
therapist,terapeut
longtime,Dugo vrijeme
sink,umivaonik
sentiment,sentiment
sodium,natrij
seal,pečat
trailer,prikolica
spread,širenje
shared,podijeljen
equity,kapital
banking,bankarstvo
ridiculous,smiješan
processing,obrada
please,Molim
dilemma,dilema
quest,potraga
pillow,jastuk
slice,kriška
shock,šok
lately,nedavno
laser,laser
rigid,krut
ours,Naš
prohibit,zabraniti
switch,sklopka
genius,genijalan
starter,starter
stem,trajati
primary,osnovan
cart,kolica
trap,zamka
Cuban,kubanski
inmate,zastupnik
sacrifice,žrtva
officially,službeno
slap,šamar
credit,Kreditna
mysterious,tajanstven
Arab,Arapski
specialize,specijalizirati se
fork,vilica
invitation,poziv
sail,ploviti
regulatory,regulatorni
cartoon,crtani film
stiff,krut
courtroom,sudnica
import,uvoz
tightly,čvrsto
flash,bljesak
equation,jednadžba
treasure,blago
jaw,čeljust
scan,skenirati
condemn,osuditi
improved,poboljšan
pickup,pokupiti
dignity,dostojanstvo
inspiration,inspiracija
automatic,automatski
merchant,trgovac
Greek,grčki
hostile,neprijateljski
extended,produžen
homeland,domovina
gasoline,benzin
gravity,gravitacija
defeat,poraz
near,blizu
thoroughly,temeljito
exchange,razmjena
bow,nakloniti se
glory,slava
reserve,rezervni
optimistic,optimističan
sergeant,narednik
casualty,povreda
concede,ustupiti
bloody,krvav
barn,staja
donate,donirati
unite,ujediniti
pro,progon
senior,stariji
feedback,Povratne informacije
grief,tuga
spite,škrt
steep,strm
productivity,produktivnost
conceive,zamisliti
tender,ponuda
continent,kontinent
hardware,hardver
equip,opremiti
wagon,vagon
besides,osim
output,izlaz
withdrawal,povlačenje
elder,stariji
cage,kavez
coastal,obalni
patience,strpljenje
shallow,plitko
earthquake,potres
voting,glasanje
input,ulazni
canvas,platno
slide,skliznuti
click,klik
sword,mač
mate,pariti
portfolio,portfelj
bug,buba
refrigerator,hladnjak
escape,pobjeći
heat,toplina
northeast,sjeveroistok
seventh,sedmi
post,objaviti
combined,kombiniran
alien,stranac
willingness,spremnost
hidden,skriven
accounting,računovodstvo
sexually,seksualno
chop,nasjeckati
patrol,patrola
symbolic,simboličan
ruin,propast
rock,stijena
drum,bubanj
opposed,suprotan
sheer,čist
ideological,ideološki
discourage,obeshrabriti
canal,kanal
prior,ranije
haul,vući
protective,zaštitnički
regard,obzir
conspiracy,zavjera
steam,pare
embassy,veleposlanstvo
tackle,pričvršćivanje
tropical,tropski
instantly,odmah
bubble,mjehurić
calm,smiriti
sheep,ovca
rent,najam
accent,naglasak
grasp,shvatiti
modify,izmijeniti
grin,osmijeh
toxic,toksičan
mixed,miješan
magnitude,veličina
afterward,nakon toga
root,korijen
progressive,progresivan
manipulate,manipulirati
vaccine,cjepivo
monument,spomenik
trace,trag
verdict,presuda
flexible,fleksibilno
declaration,deklaracija
costume,kostim
drawer,ladica
bless,blagosloviti
rack,stalak
secure,siguran
position,položaj
deeper,dublje
divorce,razvod
neutral,neutralan
fascinating,fascinantan
terrific,nevjerojatan
sympathy,simpatija
draft,Nacrt
spectacular,spektakularan
ounce,unca
rear,straga
inn,gostionica
collaboration,suradnja
clip,šišanje
instruct,poučiti
sock,čarapa
rider,jahač
revelation,otkrivenje
object,objekt
accomplishment,ostvarenje
seal,pečat
faint,onesvijestiti se
ease,olakšati
spell,čarolija
gospel,Gospel
whale,kit
theatre,kazalište
coordinator,koordinator
talented,talentiran
alongside,uz
cab,taksi
isolation,izolacija
costly,skup
tragic,tragičan
loud,glasno
instinct,instinkt
seat,sjedalo
intimate,intimni
underlying,podložni
respect,poštovanje
influential,utjecajan
pastor,pastor
presumably,vjerojatno
cook,kuhati
skip,preskočiti
eleven,jedanaest
tens,deseci
whoever,ma tko
ancestor,predak
safely,sigurno
nominee,kandidat
exotic,Egzotično
minimal,minimalan
uncertain,neizvjestan
Persian,Persijski
parental,roditeljski
orchestra,orkestar
treasury,riznica
tolerate,tolerirati
gallon,galon
thigh,bedro
fortunately,srećom
ambitious,ambiciozan
actively,aktivno
flexibility,fleksibilnost
jar,staklenki
cocaine,kokain
incredibly,nevjerojatno
consequently,stoga
documentary,dokumentarni film
charge,naplatiti
insert,umetnuti
ambition,ambicija
functional,funkcionalan
bankruptcy,stečaj
runner,trkač
execution,izvršenje
crush,simpatija
buddy,prijatelj
workplace,radno mjesto
skull,lubanja
cord,vrpca
fixed,fiksni
equivalent,ekvivalent
casino,kasino
reliability,pouzdanost
expected,očekivani
boil,kuhati
whip,bič
divine,božanski
proposition,prijedlog
census,popis
correction,korekcija
jump,skok
diary,dnevnik
nest,gnijezdo
statute,statut
exam,ispit
metropolitan,mitropolitan
star,zvijezda
nutrition,prehrana
breeze,povjetarac
illusion,iluzija
anonymous,anonimni
coup,udar
midst,usred
edit,Uredi
experienced,iskusan
castle,dvorac
sort,vrsta
exploit,iskorištavati
jewelry,nakit
diabetes,dijabetes
translation,prijevod
Dutch,Nizozemski
upset,uzrujan
harm,naštetiti
irony,ironija
associated,udružen
utilize,iskoristiti
rabbit,zec
soap,sapun
booth,štand
minimum,minimum
immune,imun
gut,crijevo
appreciation,zahvalnost
cast,bacanje
scramble,šminkanje
upstairs,gore
punch,bušiti
gross,bruto
liability,odgovornost
accessible,dostupan
mechanic,mehaničar
ass,dupe
aesthetic,estetski
dessert,desert
waist,struk
alike,slično
brave,hrabar
loop,petlja
passing,pretjecanje
partially,djelomično
statistical,statistički
correctly,ispravno
pin,pričvrstiti
practitioner,praktičar
encouraging,ohrabrujući
syndrome,sindrom
tribal,plemenski
persist,ustrajati
trash,otpad
teenage,tinejdžer
self-esteem,samopoštovanje
preliminary,preliminarni
stay,boravak
sunset,zalazak sunca
harassment,uznemiravanje
reportedly,navodno
quote,citat
fever,groznica
panic,panika
charter,čarter
outlook,izgledi
foster,udomljavati
comprise,sastaviti
known,znan
Thanksgiving,Zahvaljivanje
short-term,kratkoročan
shed,prolijevati
cooperative,zadruga
alley,ulica
subsidy,subvencija
secular,sekularni
aluminum,aluminij
cliff,litica
gram,gram
outline,obris
mentally,mentalno
invade,upasti
confrontation,konfrontacija
sacrifice,žrtva
dissolve,otopiti
shy,stidljiv
coin,novčić
speculation,špekulacija
creativity,kreativnost
custody,skrbništvo
interfere,umiješati se
spoon,žlica
bee,pčela
rolling,kotrljanje
interact,interakcija
damn,proklet
dam,brana
unfair,nepravilan
someday,jednog dana
liquid,tekućina
disclose,otkriti
mushroom,gljiva
disabled,onemogućeno
counter,brojač
catalog,katalog
gaze,gledati
publicity,publicitet
compel,prisiliti
cease,prekid
ideal,idealan
decorate,ukrasiti
surrounding,okolan
exclusively,isključivo
bonus,bonus
unprecedented,bez presedana
oversee,nadgledati
touchdown,gol
federation,federacija
aggression,agresija
behalf,korist
well-known,poznat
donation,donacija
desperately,očajnički
reward,nagrada
high-tech,visoka tehnologija
cheat,varati
audio,audio
sensation,osjećaj
entrepreneur,poduzetnik
proclaim,proglasiti
supplier,dobavljač
rival,rival
reminder,podsjetnik
heal,liječiti
case,slučaj
beast,zvijer
uncover,otkriti
merit,zasluga
momentum,zamah
stimulate,stimulirati
rational,racionalan
columnist,kolumnista
pioneer,pionir
biology,biologija
photography,fotografija
innovative,inovativan
purse,torbica
franchise,franšiza
consent,pristanak
outfit,opremiti
eve,predvečerje
spray,sprej
shove,gurati
fisherman,ribar
sensitivity,osjetljivost
courtesy,ljubaznost
stack,stog
pork,svinjetina
teammate,suigrač
instant,trenutak
pulse,puls
outsider,autsajder
pro,progon
helmet,kaciga
ladder,ljestve
openly,otvoreno
fierce,žestok
bet,opklada
required,potreban
shrink,se smanjiti
cute,sladak
dot,točka
weaken,oslabiti
filter,filtar
worldwide,širom svijeta
envision,predvidjeti
videotape,videokalaz
partial,djelomičan
patent,patent
tray,ladica
jungle,džungla
classify,klasificirati
specialty,specijalitet
nasty,gadan
aisle,prolaz
graph,grafikon
wound,rana
sexy,seksi
disturb,uznemiriti
excessive,pretjeran
banker,bankar
aid,pomoć
installation,montaža
swimming,plivanje
placement,plasman
attendance,prisustvovanje
informal,neformalan
sack,vreća
flood,poplava
eighth,osmi
premise,pretpostavka
grill,roštilj
model,model
dying,umiranje
colorful,šaren
hockey,hokej
backyard,dvorište
collar,ovratnik
breathing,disanje
logical,logičan
lightning,munja
dried,suho
discount,popust
sole,jedini
boast,pohvaliti
tag,označiti
sibling,brat ili sestra
stove,peć
trainer,trener
vertical,vertikalan
added,dodan
marketplace,tržnica
cure,lijek
curiosity,znatiželja
organizational,organizacijski
shrimp,škampi
inherit,naslijediti
color,boja
distract,odvratiti
isolated,izoliran
planner,planer
supposedly,navodno
likewise,također
monkey,majmun
toll,naplaćivati
embarrassed,posramljen
deliberately,namjerno
bicycle,bicikl
stance,stav
orbit,orbita
hormone,hormon
depressed,depresivno
organism,organizam
deploy,rasporediti
strictly,strogo
deem,smatrati
eyebrow,obrva
legally,legalno
puzzle,puzzle
icon,ikona
pat,pogladiti
closest,najbliži
sneak,doušnik
fleet,flota
conservation,očuvanje
supportive,podržavajući
comparable,usporediv
texture,tekstura
access,pristup
striking,upečatljiv
associate,suradnik
Christianity,kršćanstvo
dip,umočiti
disappointment,razočaranje
sleeve,rukav
socially,društveno
wheat,pšenica
chunk,komad
two-thirds,dvije trećine
pile,gomila
refuge,Sklonište
blank,prazan
unfold,razviti
considerably,znatno
frontier,granica
faster,brže
suspicious,sumnjičav
conception,začeće
feather,pero
elephant,slon
rain,kiša
cure,lijek
near,blizu
intellectual,intelektualac
textbook,udžbenik
joke,vic
glimpse,pogled
inevitably,neizbježno
triumph,trijumf
plunge,poniranje
sphere,sfera
hunger,glad
density,gustoća
cheer,bodriti
balanced,uravnotežen
protocol,protokol
part,dio
legislator,zakonodavac
auction,aukcija
equality,jednakost
risky,rizičan
cemetery,groblje
builder,graditelj
awake,osvijestiti
retailer,trgovac
debut,debi
tighten,zategnuti
spare,rezervni
compromise,kompromis
constraint,ograničenje
compliance,usklađenost
sponsor,sponzor
emerging,rastući
this,ovaj
elaborate,razraditi
atop,na vrhu
chew,žvakati
similarity,sličnost
pencil,olovka
calculation,izračunavanje
tolerance,tolerancija
astronomer,astronom
bulk,rasuti
arm,ruka
interval,interval
notebook,bilježnica
genre,žanr
likelihood,vjerojatnost
liberal,liberalan
streak,trag
rib,rebro
scent,miris
validity,valjanost
grin,osmijeh
steer,upravljati
intact,netaknut
shark,morski pas
uh,uh
programming,programiranje
dumb,glup
formerly,ranije
squad,odsjed
comply,pridržavati se
debris,krhotine
peasant,seljak
outlet,izlaz
chase,loviti
neat,uredan
valid,valjan
kingdom,kraljevstvo
solely,jedino
eligible,ispunjavajući uvjete
regret,žaljenje
municipal,općinski
strain,naprezanje
deposit,depozit
transport,prijevoz
dough,tijesto
lid,poklopac
voluntary,dobrovoljno
journalism,novinarstvo
any,bilo koji
impulse,impuls
policeman,policajac
objection,prigovor
thrive,napredovati
privately,privatno
cling,prilijepiti
halfway,na pola puta
unhappy,nesretan
rally,miting
scratch,ogrepsti
robot,robot
conversion,pretvaranje
supermarket,supermarket
blink,treptati
philosophical,filozofski
happily,sretno
thread,nit
allegedly,navodno
ash,pepeo
dynamics,dinamika
denial,poricanje
riot,pobuna
soar,lebdjeti
mentor,mentor
beard,brada
widow,udovica
offender,prijestupnik
landmark,orijentir
apart,odvojeno
instant,trenutak
routinely,rutinski
butt,stražnjica
forbid,zabraniti
bomb,bomba
migration,migracija
carrot,mrkva
harmony,sklad
downtown,centar grada
brutal,brutalan
prevail,prevladati
weed,plijeviti
exhaust,ispušni
pasta,tjestenina
distinctive,karakterističan
fraction,frakcija
remark,napomena
emotionally,emocionalno
poke,pirkirati
guarantee,jamčiti
dancing,ples
trouble,smetnja
freshman,brucoš
suitable,prikladan
youngster,dječak
slavery,ropstvo
balloon,balon
opt,odlučiti se
crowded,prepun
liver,jetra
listener,slušatelj
calm,smiriti
ironically,ironično
affirmative,potvrdan
commodity,roba
fur,krzno
freely,slobodno
light,svjetlo
removal,uklanjanje
regard,obzir
round,krug
goat,Jarac
shareholder,dioničar
expedition,ekspedicija
loyal,odan
conscience,savjest
fragile,krhki
calendar,kalendar
mineral,mineral
coming,dolazak
circle,krug
fare,cijeni
blessing,blagoslov
liberation,oslobođenje
steak,odrezak
liquid,tekućina
ecological,ekološki
banana,banana
catch,ulov
steadily,stalno
blast,eksplozija
nonprofit,neprofitna
mobile,mobilni
straw,slama
projection,projekcija
rubber,guma
overnight,preko noći
neighboring,susjedni
enact,donijeti
favorable,povoljan
severely,žestoko
demographic,demografski
terrain,teren
explicit,eksplicitan
integrated,integriran
terribly,strašno
veteran,veteran
level,nivo
sofa,kauč
screw,vijak
shield,štit
invention,izum
Iraqi,irački
perceived,opažen
leave,napustiti
cruel,okrutan
bomber,bombarder
provoke,izazvati
autonomy,autonomija
publishing,objavljivanje
retreat,povlačenje
theology,teologija
substantially,bitno
mansion,ljetnikovac
developmental,razvojni
one-third,jedna trećina
transmit,prenositi
contemplate,razmišljati
authorize,odobriti
mathematics,matematika
battle,bitka
old-fashioned,starinski
lawmaker,zakonodavac
threshold,prag
radar,radar
seldom,rijetko
low,nizak
headache,glavobolja
rental,iznajmljivanje
spy,špijun
patron,pokrovitelj
driveway,kolovoz
till,do
broadcast,emitiranje
overwhelm,zasuti
coordinate,Koordinirati
vendor,prodavač
transport,prijevoz
fragment,fragment
hammer,čekić
seminar,seminar
availability,raspoloživost
peanut,kikiriki
fantastic,fantastičan
depart,odlazak
permit,dozvola
cottage,vikendica
specify,odrediti
frustrate,frustrirati
disturbing,uznemirujući
artifact,artefakt
basin,bazen
regain,povratiti
grape,grožđe
ego,ego
sometime,ponekad
organized,organiziran
charm,šarm
sweater,džemper
rim,naplatak
speculate,nagađati
delight,oduševljenje
fatigue,umor
devastating,razorni
instructional,poučan
plea,molba
tourism,turizam
crowd,gužva
warmth,toplina
jurisdiction,nadležnost
update,Ažuriraj
accusation,optužba
diagram,dijagram
middle-class,Srednja klasa
graduation,diplomiranje
mention,spomenuti
beyond,Iznad
within,unutar
spark,iskra
convenience,pogodnost
chill,ohladiti
economically,ekonomično
undergraduate,dodiplomski
dictate,diktirati
regulator,regulator
defender,branitelj
workout,vježbati
accurately,točno
tile,pločica
foreigner,stranac
importantly,važno
citizenship,državljanstvo
plaza,trg
devise,smisliti
premium,premija
chemistry,kemija
bureaucracy,birokratija
inherent,svojstven
hazard,opasnost
swell,nabuhtati
bride,nevjesta
bow,nakloniti se
processor,procesor
bucket,kanta
timber,drvo
feminist,feminist
till,do
tumor,tumor
apology,isprika
screening,ekraning
arrow,strijela
marker,marker
sunny,sunčano
technician,tehničar
homework,domaća zadaća
fog,magla
soak,upiti
mortality,smrtnost
flying,leteći
accountability,odgovornost
skilled,vješt
straighten,ispraviti
sprinkle,posipati
cue,natpis
epidemic,epidemija
articulate,artikulirati
rehabilitation,rehabilitacija
diplomat,diplomata
ribbon,traka
transit,tranzit
militia,milicija
kneel,jeleti
seller,prodavač
fatal,fatalan
twist,uvijati
compelling,uvjerljiv
praise,hvaliti
copy,kopirati
well-being,dobrobit
laundry,praonica
screen,zaslon
confession,priznanje
twentieth,dvadeseti
dense,gust
accelerate,ubrzati
tribute,danak
smoking,pušenje
aboard,na brodu
marble,mramor
entertain,zabavljati se
boring,dosadan
scrutiny,nadzor
bizarre,bizaran
bargain,povoljnost
deeper,dublje
drown,utopiti
biography,biografija
naval,mornarički
nationwide,svenarodni
skeptical,skeptičan
shorts,kratke hlače
lens,leće
spit,pljunuti
sexuality,seksualnost
rape,silovanje
warehouse,skladište
paradise,raj
nominate,oboriti
developed,razvijen
campaign,kampanja
unfortunate,nesretan
grandchild,unuče
tenure,dužnost
preach,propovijedati
slot,utor
stereotype,stereotip
bulb,žarulja
weave,tkati
merger,spajanje
inadequate,neadekvatan
objective,cilj
electronics,elektronika
trim,podrezati
